url_host_name,_col1
cashing-one.jp,1
kizi-mizi.com,1
fasttrackroofing.com,1
natureo-corbeil.fr,2
new-game-plus.fr,6
5feet.com,1
urbe01.net,2
www.skapiec.pl,6
www.galeria.skijumping.pl,1
martitoralergia.es,1
messmakesfood.com,1
www.menezhom-atlantique.bzh,1
philly.happeningmag.com,3
happenins.com,1
www.gzdcyqyb.com,1
www.gzhylock.com,2
www.happyhealthyfamilies.com,1
www.gzrsk.com,1
www.happymodpro.com,2
www.happyquiltingmelissa.com,3
haqzjy.com,1
www.stiigo.com,2
www.kitallumage.com,1
www.kitanihon-senshu.com,1
www.kitapokuyorum.com,4
kesslercrane.com,1
keunwookji.com,1
kewystore.com,3
www.discounted-rugs.com,1
iqlolly.com,1
iranindustrial.com,1
usa.iravin.com,1
ireggae.com,4
irisbeach.com,1
news.rcc.jp,1
556.com.tw,2
big.travel,1
diamondsuite.kross.travel,1
www.aresheng.com.tw,1
southpacificislands.travel,2
www.svyaznoy.travel,3
windigo.travel,1
zruchno.travel,1
www.sbcs.edu.tt,2
ttps.gov.tt,1
90mins.tv,1
hamyartest.ir,3
helli8blog.ir,2
kokoon.io,1
v1-17.docs.kubernetes.io,1
novator.io,5
www.turkeyhuntingchat.com,1
teatrmaska.com.pl,1
support.garmory.pl,1
seo.twojafirmaa.com.pl,1
gckradomysl.pl,2
currahee.pl,1
generatorpomyslow.pl,1
glamstyle.pl,1
www.radyvyliv.info,4
sdd.spc.int,34
www.ramiibrahim.info,1
www.raulgordonblasini.info,2
www.reddcopernicus.info,1
biiwindassure.com,1
blackbusinessguide.com,1
www.bijoux-arcenciel.com,1
www.bijoux-promotion.com,4
blackfamilyapparel.com,1
www.blackoakslodge.com,2
bikroy.com,10
bilalsadique.com,2
fai.org.ru,4
orlovline.ru,1
nedvizhimost-tomsk.ru,1
photo.orthodoxy.ru,1
ortodoksiya.ru,1
osamara.ru,1
www.neo-park.ru,1
laf20.com,1
www.lafayette-online.com,1
www.ks95.com,2
www.ksahin.com,2
ww43.lagrandeporte.com,1
otmag.ru,2
massageandspawithextraservice.nethouse.ru,1
www.biasion.net,1
www.clubseatleon.net,2
cmg.net,1
bwvkx.bigbigbags.net,1
bigroof.net,1
syld.cbpt.cnki.net,1
www.birdphotographers.net,3
archives.bodleian.ox.ac.uk,40
umn.ua,1
cityplumbers.ie,1
clarechampion.ie,2
www.cliffordlearning.ie,1
www.ashwidea.in,1
jaago.bareillyonline.in,1
www.bazaarfresh.in,3
www.maxwoman.in,1
mediafile.in,2
bethelag.in,1
meemee.in,1
minnionstech.in,1
app.mraiorg.in,1
www.broadwaytravels.in,1
buildercart.in,1
csi-csa.com,3
www.csisimple.com,1
daenc.com,1
dafalo.com,1
www.css-happylifezero.com,1
en.ct-ikedacp.com,1
express.net.vn,1
oboi.ws,1
www.thoidaimoi.net.vn,1
smallgames.ws,2
nguyenhopphat.vn,1
xenforo.ws,1
whattheflip.wtf,1
www.xn--80afhh0dwc.xn--90ais,2
xn--80agwgj.xn--90ais,1
xn-----6kcackbrchzhatuteby2ccy4e.xn--p1ai,1
universoespejo.com,2
universumglobal.com,1
unixpackages.com,1
unlabelit.com,1
www.unleesh.com,1
ufabetearth.com,1
ufcfightpass.com,1
www.ugg.com,1
www.fashiongoodtimes.com,1
www.fashionsfinest.com,1
www.fiamag.com,1
fastbikebits.com,1
fictasy.com,1
www.fastfoodstartup.com,1
wifpdx.org,1
sat.wikipedia.org,2
www.wikia.org,5
wikichristian.org,1
beincrypto.ru,2
sochi.belais.ru,1
best-of-africa.ru,1
best-torrent.ru,1
www.comet-a.ru,1
comicshouse.ru,2
apothetirio.lib.uoi.gr,2
www.chipkarte.at,1
www.nilsson.co.at,1
rexer.com.ar,1
rf-argentina.com.ar,1
rome.com.ar,1
www.sanisidrolonas.com.ar,1
www.storenx.com.ar,1
www.tartarugaaccesorios.com.ar,1
www.eifler.at,1
www.cowasjp.com,1
tunezjam.com,1
www.tuodontologoca.com,1
ubloom.com,1
wiki.turfgame.com,2
prozhovot.ru,1
www.part-bt.ru,1
partnerstvo.ru,1
simferopol.pavlin-mavlin.ru,1
punkty-vydachi.ru,1
pfo.qadviser.ru,1
www.globeresidential.co.uk,1
www.glutenfreehampers.co.uk,1
lectrifix.co.uk,1
mail.govape.co.uk,1
www.granddeco.co.uk,4
www.leisureplex.co.uk,1
www.grcricket.co.uk,1
amilishly.nl,1
amsterdamflora.nl,2
www.andywawa.nl,1
2av2to.ypgg.net,1
cl.ypgo.net,1
apmengineering.nl,1
epaper.yzwb.net,1
www.arlservices.nl,1
artconnectionexpo.nl,1
saudi-arabia.zafaf.net,1
artikel104.nl,1
www.ajlink.net,2
www.balisage.net,2
www.akphotographystudio.net,1
www.bastler-shop.net,4
alf-hairs.net,1
www.baypointecc.net,1
www.ebony.com,1
egotickets.com,1
ebook-mecca.com,1
egypt-bonusesfinder.com,1
www.eheventphotography.com,1
www.ehirobo.com,1
recruit.ehyundai.com,1
eidcreations.com,1
ecezero2three.com,1
eikii.com,2
www.pagoda.com,3
otrperformance.com,1
www.ottawasun.com,5
oty-detector.com,1
www.paintedtrout.com,1
www.paintingofrussia.com,1
ouestgames.com,1
pakarimportchina.com,2
www.ourcheeses.com,2
thesportsinquirer.net,1
thetowncryer.net,1
thetroutscout.net,1
societageografica.net,1
soepic.net,2
www.sogwiki.net,1
tienmanh.net,1
www.tipoassim.net,1
tiraz.net,1
soundgraphics.net,1
www.soundsfast.net,1
soutalkhaleej.net,1
www.southeasternequipment.net,4
www.tn-ze.net,1
sarume-blog.com,2
www.saskiavanherwaarden.com,2
satoexchange.com,1
satsumahomeserver.com,1
www.saturationministries.com,1
scoutparts.com,1
drbalamoti.gr,1
energia.pr.gov,2
rowe-ma.gov,1
ptd.od.ua,1
apserver.org.ua,1
hotel-kaskad.dn.ua,1
www.slavschool-12.dn.ua,2
gladilov.org.ua,1
peytonmariahphoto.com,1
www.photovoltaikforum.com,6
boke.php222.com,1
mobileapi.phpfox.com,3
www.phrenologik.com,2
phuanphattape.com,1
phuongmaiclinic.com,1
phutungabc.com,2
www.physicscentral.com,1
phzoe.com,1
phatamhay.com,1
lmwtfy.joe.gl,1
business-broker.com,1
www.calazones-flics.com,1
www.keychiropracticpsl.com,1
fastperfekt-zum.com,2
www.ledifferent.fr,1
www.nepsio.fr,1
www.marlosonline.es,2
www.proyecto4.com,1
gymnasticsweb.com,1
jfhj6d.haohanshuizu.com,1
guanyu.haoyangyan.com,1
hapaday.com,1
hapanesecuisine.com,1
happilyevaafter.com,2
www.happione.com,1
happy-oyakoen.com,1
happybabyschlaf.com,1
www.happyflushing.com,1
www.happyhomeresolutions.com,1
gzxiuwei.com,1
www.happyoceanfoods.com,1
happyvegannie.com,1
h-hatakeyama.com,1
penggemuk.hapsohtiens.com,1
www.stil-kunde.com,1
stilla-an.com,1
stillinbelgrade.com,1
www.kerlihalliste.com,1
kesacostudio.com,1
www.kitchenertoday.com,1
kitchenpractice.com,1
enma.ketabelectronic.com,1
keven6543.com,1
www.kiwiobjects.com,1
iqbalsofy.com,1
iqdrate.com,2
portal.iqstudentaccommodation.com,1
irasutokoujikanban.com,3
www.irmagazine.com,1
www.irmanyrkkanen.com,1
irniazmandi.com,1
bryansk.ironargument.com,1
www.ironsolomon.com,1
gelendzhik.travel,1
basement.com.tw,1
www.bnext.com.tw,28
guide.abema.tv,1
granulate.ir,1
grinshop.ir,2
hamkarshop.ir,1
www.happy-songs.ir,1
homedars.ir,1
lampa.io,1
mifin.io,2
shop.modum.io,1
mrwatts.io,1
www.iratechwatch.ir,1
www.turkey-evisagov.com,1
ubuntubiographyproject.com,1
turkeyvlog.com,1
www.gamisport.pl,2
www.gardenhome24.pl,1
sklep.v12.com.pl,1
www.garnier.pl,1
www.sklep.generalfresh.pl,1
www.czestochowa.pl,1
glissando.pl,5
prostitutkiabakanarest.info,1
www.istc.int,4
ranson.info,1
library.wmo.int,2
www.rehavital.info,1
blackbeltmag.com,1
www.bijoux-7bis.com,1
blackmassivecocks.com,1
blackpridetees.com,1
bikini-genie.com,1
blacksci-fi.com,1
www.blackstonesaunas.com,1
bilderausstrom.com,1
www.bileji.com,1
americanupdate.com,1
www.animesachi.com,1
oshibka-reshenie.ru,1
1xbet.net.ru,1
www.lagalletamolona.com,1
ksgfineart.com,1
www.lagutoraja.com,1
brzbm.kskwmw.com,1
ot-deko.ru,1
magic-team.net.ru,3
opac-x-mediathequeveron.biblixnet.net,1
bigapplereviews.net,1
birgma.net,1
www.cocoa-and-co.net,1
cocpv.net,1
cogitogroup.net,2
odessa-avto.ukravto.ua,2
salam.ui.ac.id,1
lovesadshayari.in,1
www.mangalya-ophira.in,1
www.marketingwise.in,1
www.bestdial.in,2
momporn.in,1
movibox.in,1
boighar.in,2
books-audio.in,2
www.mxplayer.in,6
nalinmehta.in,2
www.dadalacoyuntura.com,3
www.csj-emballages.com,1
daemhost.com,1
www.cssloggia.com,1
www.dahaboo.com,2
www.cszkyy.com,1
ctchronicle.com,1
www.ctctct.com,1
www.daikinmea.com,1
www.ctjmlt.com,1
4pl4re.cts0511.com,1
nhabephoanggia.vn,1
nhakhoahtc.vn,1
xn--80aadcrpcy8d.xn--80asehdb,1
xn--g2aaa.xn--p1acc.xn--90a3ac,1
xn--80aace3anq.xn--90ais,2
xn--c1at4c.xn--90ais,2
www.oriflame.vn,1
unlimeat.com,1
www.unmaillotdebain.com,1
unoeditori.com,3
www.uggmore.com,1
ugoshi.com,2
news.unspoilednews.com,1
fr.ffxiah.com,2
www.fhrsh.com,1
static1.fashionwelike.com,1
www.fasonilac.com,1
www.fiberon.com,1
fastautosearch.com,1
fasteddiesautowreckers.com,1
fiddleheadsnfloss.com,1
fiddlerselbow.com,1
cntdtambov.ru,1
coachinstitute.ru,1
belev-pravda.ru,1
www.colonoscopy.ru,2
belozerie.ru,1
spb.belturizm.ru,2
belvrazbor.ru,1
www.next.com.ru,1
bestkrovati.ru,1
iporta.gr,14
www.irumclinic.com,1
racingdealer.com.ar,1
www.conrad.at,5
shop.cupofsoul.at,1
git.deb.at,1
www.dovolenka.at,1
www.shop.edelweiss-medical.at,1
www.tuquelees.com,1
www.turizamkrusevac.com,1
paolo-dagomari.ru,1
psihdocs.ru,4
www.pult-market.ru,1
pump-system.ru,2
punktauto.ru,1
pupsmir.ru,1
peacemaking.ru,1
www.pechati-m.ru,1
www.glampingthewightway.co.uk,1
scan.lancastersu.co.uk,2
landscaperscheshire.co.uk,1
laptopbattery.co.uk,1
laterlifetraining.co.uk,1
www.gojo-music.co.uk,1
www.goldensandsrhyl.co.uk,1
www.goldsmiths.co.uk,7
goodnessgracious.co.uk,3
goodpages.co.uk,1
www.goodwinsjewellers.co.uk,1
www.leakdetectionspecialists.co.uk,1
books.google.co.uk,38
leerooke.co.uk,1
www.leicester.co.uk,1
www.lendingexpert.co.uk,1
www.anouk.nl,1
www.yumetal.net,1
xdrl9h.yxbc.net,1
ba7rain.net,2
alegypt.net,1
alglang.net,1
www.alhijazindowisata.net,1
www.ebonyarrington.com,1
www.ebook-telecharger.com,1
ebookandpod.com,1
www.ebookengineering.com,1
www.ehafo.com,1
www.ehotporno.com,1
ei04.com,1
www.eiffeldesign.com,1
eccom.com,1
einfachreiten.com,1
www.echosupplements.com,2
www.otowngist.com,2
otzvpro.com,1
www.paintedmountainrestaurant.com,1
www.pakwheels.com,21
www.pal-plas.com,1
ourchicshop.com,1
smoothinvestment.net,1
theyogadistrict.net,1
thiny.net,1
www.thoidihoc.net,1
cricket.softpicks.net,1
blog-rc.tidom.net,1
something2xp.net,1
www.timesnews.net,1
blog.tinyhouse.net,1
blog.scoolinary.com,1
www.sartoriadaniela.com,1
sasfheritage.com,1
sashiireya.com,1
www.scotsmanhomeice.com,1
scottalanmartin.com,1
www.dealprice.gr,1
www.nysm.nysed.gov,32
www.dimokratiki.gr,4
drkalaitzis.gr,1
e-sportshop.gr,1
www.buhoblik.org.ua,1
bydunok.org.ua,1
peyvand.com,1
www.pflanzkasten.com,1
bamboo.phpbb.com,1
phrakhanonghousing.com,1
pgstudiotextiles.com,1
phabwholesale.com,1
phalaenopsis-gift.com,1
www.pharmacychecker.com,6
pharmanewswire.com,1
www.phasesi.com,1
www.ohhsnaphouston.com,1
calamityjanetheshow.com,3
businessandbiceps.com,1
www.businesslistingnow.com,2
calgarysmartproperties.com,1
www.businessreport.com,4
calidadengestiondeproyectos.com,1
locations.bustickets.com,2
www.calivaporlounge.com,1
date-you.net,1
www.visitdanvillearea.com,1
www.vtabien.com,2
trip-planner.visitfinland.com,1
dev.visitkinosaki.com,1
www.visitlancashire.com,1
vuicoffee.com,1
wp.kiyota-design.com,3
kizlaramoda.com,1
www.kizomba-freiburg.com,1
www.virtusapriliabasket.it,1
www.fastmenw.com,1
www.uongeyecare.net,1
m.urtis.net,1
www.primaveraonline.com,1
stillstandingmag.com,1
www.zaln.net,1
support.atag.nl,3
ateliervanpoels.nl,1
otkryt-ip.ru,2
otoys.ru,2
govaresh-zanan.ir,1
cp.gratech.ir,1
mail.hlcgroup.ir,1
kaif.io,1
support.karte.io,1
ibaskool.ir,3
krisrice.io,1
www.modento.io,1
blog.novadrift.io,1
open-edge.io,1
itg.tunein.com,2
www.tunesbaby.com,2
uberant.com,4
uberwillowtara.com,2
aycc0a.tuoyuswc.com,1
forums-ru.ubisoft.com,30
www.ubqtdesignschool.com,1
turkeyfromtheinside.com,1
conradfestival.pl,1
www.craftline.pl,1
cs-porobieni.pl,1
bip.czerwonak.pl,1
czerwony-stolik.pl,1
czesci24.pl,1
czkalski.pl,1
cztr.pl,1
atlantacityga.iqm2.com,1
iqonproductions.com,1
irandrupal.com,1
www.iraq-healthcare.com,1
irishcinephile.com,1
irishkevins.com,1
www.iritrade.com,1
ironlinx.com,1
www.kertutravels.com,1
keruru.com,1
kerykoz.com,1
www.kesherpoint.com,1
ketamine.com,1
kiti-jorda.com,1
www.meszepices.com,1
fg.gameangel.com,2
www.crunchbynuffnang.com,1
beejournal.ru,2
bel-modern.ru,1
cognacguide.ru,1
belwer.ru,1
www.berni.ru,1
bersil.ru,2
www.gygi.com,3
gymcastic.com,2
www.haohaosoft.com,1
www.gynux.com,1
www.haotinginternationalhotel.com,1
www.gypsydriftingadventures.com,1
gypsylayne.com,1
gypsystarsrva.com,1
www.happinessmama.com,1
www2.gzelger.com,1
gzklzy.com,1
happyeconews.com,2
gzzhengye.com,1
amelandermusea.nl,3
meubles.yoneticiatama.net,1
yourpharma.net,3
www.antiquariaatabma.nl,1
yu-ris.net,2
www.yumami.net,1
www.arthome.co.at,1
www.prototype.com.ar,1
coiffeur-claudia.at,1
committee.at,4
www.control-pro.at,1
cremsner.at,1
raptorweb.com.ar,1
www.das-brunleitn.at,1
www.digital-photos.at,1
soloascenso.com.ar,1
www.dvo.at,1
cmsc.ab.ca,1
crimea.vgorode.ua,2
www.asiapets.in,2
mandilicious.in,1
mechedashopping.in,1
www.musicsplash.in,1
mydailyshopping.in,1
www.mymoviesstore.in,1
www.asian-archi.com.tw,7
trip.slovakia.travel,2
www.thinkdigital.travel,1
repair.bestservice.com.tw,1
images.google.tt,3
www.books.com.tw,33
pornxxx.tube,2
www.insomnia.gr,16
dragon3.esa.int,1
prostitutkimoskvysee.info,1
www.puntocritico.info,1
www.discountchristianlouboutinoutlet.com,1
www.discountdecorativeflags.com,1
www.clareecho.ie,5
www.cndss.net,1
bildungsstreik.net,4
xuewen.cnki.net,4
explorer.coblo.net,2
bisual.net,1
codfiscal.net,2
colectivopericu.net,2
www.panram.ru,4
paradyz.ru,1
psy-files.ru,2
parsavto.ru,1
partnerreg.ru,2
ptb-russia.ru,1
puteschestvie.ru,4
pechat-centr.ru,1
pwtenergo.ru,1
www.biguysfuck.com,1
blogs.blackberry.com,1
bbs.bijie12345.com,1
www.bijoux-me.com,1
blackcruisetravel.com,1
www.bikeroar.com,3
balapmotor.net,1
balmar.net,1
banlinhkiendientu.net,3
battlebornoffroad.net,1
algerie-direct.net,1
www.baykush.net,1
www.bb-w.net,1
orensmi.ru,1
board.orsk.ru,1
nefrit.ru,1
nekrasovka.ru,1
eboulange.com,1
ebralavi.com,1
www.ebranditalia.com,3
www.ehivetgbagbo.com,3
ec-republic.com,1
eiberoamerica.com,6
ecbands.com,1
ecdeaf.com,1
echassiersduporge.com,1
www.echoteachers.com,1
www.dadangjsn.com,1
www.dadasportweb.com,1
dadesconto.com,1
www.cspandh.com,1
xml.daffyhazan.com,1
csquireapts.com,1
csvape.com,1
daibei888.com,1
www.ctbfin.com,1
www.ctjsb.com,1
socialdiary.net,1
www.sohbetkral.net,1
www.sokofy.net,2
tibet.net,2
timemap.net,3
tipstour.net,1
www.ottorzhenie.com,1
painteddogrecords.com,1
oudcense.com,1
www.paintzoomoffer.com,1
pajurionaujienos.com,1
jobs.oup.com,45
www.paksalespoint.com,3
www.ourblogpost.com,1
ourbrickwalls.com,2
www.onlinemuzayede.com,1
lakanalhousefire.co.uk,1
golden-hinde.co.uk,1
www.lms2018hantsmens.leagueorganiser.co.uk,1
graffiti-digital.co.uk,1
www.greaterlincolnshirelep.co.uk,1
vuadien.com,3
www.visiting-japan.com,1
www.visitmalta.com,2
visitsansimeonca.com,1
www.visitstaugustine.com,1
www.visitswanseabay.com,2
www.visittelemark.com,1
www.calamo.com,1
www.business-sale.com,3
www.businesseventsthailand.com,1
calend-okinawa.com,3
calgarysun.com,2
californiadailyreview.com,1
californianewstimes.com,1
netnews.vn,5
newworldedu.vn,1
xn----8sbhvqopgmk.xn--80adxhks,1
xn--80aafkbb6aozlcgindd.xn--p1acf,3
phiphiperformance.vn,1
phongtamnhapkhau.vn,1
phukienphone.vn,1
xn-----8kckfb0brpdcaz9bxd7c.xn--p1ai,1
www.krudco.com,2
www.lagaleriadelpiano.com,1
www.krystlefresh.com,2
www.ksjlsj.com,1
matraskin.od.ua,1
ces.org.ua,1
hizb.org.ua,1
orienteering.dp.ua,1
ipag-kiev.org.ua,1
kamaok.org.ua,1
kushing.org.ua,1
lifetips.org.ua,1
bradleybeach.universitytutor.com,1
documents.uefa.com,1
www.unknownlist.com,1
ufcstore.com,1
www.ufp-plongee.com,1
unpblog.com,2
www.uglydoggy.com,1
uhdpixel.com,1
documentation.sas.com,8
www.sashaysorella.com,1
jm.scotiabank.com,1
www.scottbergstudio.com,1
satorifioriskincare.com,1
blog.satsenalsen.com,1
photovault.com,5
photos.photowee.com,2
support.phppointofsale.com,1
phanaticmc.com,2
phukiensongphat.com,1
pharm-hemp.com,1
physichemically.com,1
pharmacie-deleurope.com,1
www.physicsresourcebank.com,1
pharmazell-group.com,1
www.pianosinhvien.com,1
www.depart.gr,1
www.different-service.gr,1
dinanikolaou.gr,1
e-hts.gr,1
edekt.gr,1
economia.uca.es,1
bozprod.eu,1
cnne-test.cnn.com,23
www.posterland.dk,1
tetudoumodel.kiyo-masa.com,1
www.kiyofumi-osawa.com,1
www.kiyomihara-jinja.com,1
naturebike33.fr,1
natureo-lachapelledarmentieres.fr,1
www.naturopathedouai.fr,1
www.naturshop.fr,1
extranet.navicom.fr,1
magieblanchepourfairerevenirletreaime.neowp.fr,2
www.neuillyemmausavenir.fr,1
www.marinettiproject.es,1
www.trub.net.ru,2
otzivio.ru,4
stillalivewear.com,1
hamraaz.ir,1
icff.ir,1
imamag.ir,2
www.ipda.ir,1
mobex.io,1
modelfol.io,5
modfree.io,3
www.tundras.com,3
www.tunisie-secret.com,1
tunjid.com,1
www.tupaki.com,2
www.turbinegames.com,7
merch.ubisoft.com,26
www.ubitennis.com,3
turi-suki-bbs.com,1
atelierirenehemelaar.nl,1
toner.com.pl,1
zniczekmc.com.pl,1
www.crete.pl,2
crowdup.pl,1
www.gfps.pl,1
ipsiarte.com,1
iranianfrance.com,1
irisblonde.com,1
www.irongeek.com,1
ironiapto.com,2
ironmanorbust.com,1
www.ironsouthmining.com,2
bitplay.co,1
www.mestickets.com,3
www.kitapbilgini.com,1
ketang1.com,2
kitobxon.com,1
ketshooop.com,1
kittymews.com,1
kittywitchin.com,1
kivnews.com,1
kiwamisports.com,1
www.kiwiproperty.com,1
www.bejo.ru,1
beliro.ru,1
beloreck-tv.ru,2
color23.ru,13
hotel.berezkazlat.ru,1
www.freelancer.com.ru,14
berza.ru,1
besht.ru,1
comanda1941.ru,1
irricomp.com,1
www.hanulpescarilor.com,1
www.us.gymgenerationwear.com,3
www.gypsyantiques.com,1
m.haotoufa.com,1
mcgkfn.haoyiyuan021.com,1
jingying.gzbenling.com,1
happy9471.com,1
happyairlinemile.com,1
1wp.gzled138.com,1
www.happyfidocompany.com,1
www.gznewpower.com,1
happyhourscour.com,1
happyhouz.com,1
www.gzsyzz.com,1
happylabels.com,1
happylifestyleinc.com,2
happylittlestitchshop.com,1
www.happyvalleyphotography.com,1
www.happywheelsgameplay.com,1
www.h1btaxreturn.com,1
tr.wikibooks.org,1
christianpfanner.at,1
clipstogo.at,3
radiovientoafavor.com.ar,1
www.raid.com.ar,1
www.reconstruccion2005.com.ar,1
www.replus.com.ar,1
der-weniger.at,2
www.derschwimmtrainer.at,1
www.dielavendelfrau.at,2
www.soniahausarte.com.ar,1
feuerwehr.echsenbach.at,1
shop.syes.com.ar,1
bau.eggerbau.at,1
www.ammehoela-kids.nl,1
haishin.you-soku.net,1
www.annikava.nl,1
www.architect-info.nl,3
www.ariedekorte.nl,1
www.artez.nl,12
www.levidangeurbreton.bzh,1
www.teses.usp.br,39
www.a7g.ca,1
www.ashokplasticworks.in,1
madhyaearth.in,1
avanti.in,2
mangalorestore.in,3
medrent.in,1
www.misri.in,1
mobtronix.in,1
bikingspirit.in,1
mumbaibullet.in,1
www.mumbaiwebdesign.in,1
isoauditor.training,1
www.abscience.com.tw,1
www.latvia.travel,1
ru.pirates.travel,4
d.tube,1
www.chengfwa.com.tw,1
ecourse.uoi.gr,2
www.discountfilters.com,3
faperta.ugj.ac.id,1
protivkart.ru,1
pshenovich.ru,5
parfumchik.ru,1
paruslife.ru,1
puch-vesti.ru,2
pulsar-tools.ru,1
www.pedalzoo.ru,1
railwayz.info,2
bihadamichi.com,1
bihanionline.com,1
www.bijaknews.com,1
www.bijibaba.com,2
www.bikeaccidentattorneys.com,1
www.bikebling.com,1
www.blackhillsproperty.com,1
blackmosspress.com,2
bikers-base.com,1
www.bikinimexico.com,1
www.babnet.net,2
www.bacarysagnafan.net,1
www.airportview.net,1
prnewswire2-a.akamaihd.net,4
vk.barkov.net,1
www.baseballgames.net,1
alemchat.net,1
alexandrenavarro.net,1
www.baxterhouse.net,1
otrloads.com,1
ottomanbilisim.com,1
www.oumoupu.com,1
www.ouniversodatv.com,4
www.paito4d.com,1
www.pajapan.com,1
www.ourabclife.com,1
www.pakusich.com,1
social-spirituality.net,2
thoughtinmotion.net,1
www.thundercloud.net,3
cwg5gm.songlai.net,1
www.sorcellerie.net,1
tinybook.net,5
ehavadar.com,1
developer.ebsco.com,1
ec-accelerator.com,1
ec-b-corsairs.com,1
italian.ec-centrifugalfan.com,1
www.ec5k.com,1
www.eiecongress.com,1
12828.sites.ecatholic.com,1
www.eccentricbliss.com,1
eigen-art.com,2
www.eight-x.com,2
eightplanetsfacts.com,1
ececanada.com,1
www.eihomesf.com,1
ecfanatic.com,1
echhapu.com,2
www.einnews.com,1
www.onlinemedshelp.com,1
www.ohhellofriendblog.com,3
www.businessangelssyd.com,1
calebwithcurls.com,1
www.businessjetinteriorsinternational.com,6
www.caliceamalficoast.com,1
californiateenagers.com,1
www.visorphotography.com,1
www.vispvle.com,1
americanwarriorsociety.com,1
nauka-sna.ru,1
www.nedoma.ru,3
ortofit.ru,1
ortomarketspb.ru,1
osp-studia.ru,1
osteohondroz24.ru,1
www.lamptastico.co.uk,1
www.langshott-ladybirds.co.uk,1
glow-wormboilers.co.uk,1
www.lazaruscorporation.co.uk,2
legendsnipers.co.uk,1
www.leightonbuzzardonline.co.uk,14
www.lemonandlimes.co.uk,1
granville.co.uk,1
www.soccerlive.ws,2
sovremennik.ws,1
toddwhite.ws,2
xn--d1aur.xn--24-6kci4amthgkj1f.xn--80asehdb,1
nfvc.org.vn,1
bid.pavietnam.vn,1
www.phapluatplus.vn,4
xn--90athc1g.xn-----6kccaailhy4c6aa1aiy9t.xn--p1ai,1
www.univliving.com,1
www.unlockperu.com,1
fr.ugal.com,1
www.unrforliberty.com,1
www.uhakplanner.com,1
unsen-sambar.com,3
cmtcorporation.net,1
www.bilsev.net,2
www.binaryoptions.net,1
binderysolutions.net,2
bizmeetstech.net,1
www.bkdb.net,1
archive.blabbermouth.net,1
www.blaize.net,1
ff14matometta.com,1
www.fashiondelan.com,1
ff699win.com,1
